<?xml version="1.0"?>
<!DOCTYPE module PUBLIC
          "-//Puppy Crawl//DTD Check Configuration 1.3//EN"
          "http://www.puppycrawl.com/dtds/configuration_1_3.dtd">

<!-- Checkstyle for running a checks suite based on Sun's Java style conventions -->

<module name="Checker">

   <!-- ********************************************** -->
   <!-- *************** CONFIGURATION **************** -->
   <!-- ********************************************** -->

   <!-- Codification for the checker -->
   <property name="charset" value="UTF-8" />

   <!-- Minimum severity to report -->
   <property name="severity" value="warning" />

   <!-- ********************************************** -->
   <!-- ****************** MODULES ******************* -->
   <!-- ********************************************** -->

   <!-- Checks that a package-info.java file exists for each package -->
   <module name="JavadocPackage" />

   <!-- Checks whether files end with a new line -->
   <module name="NewlineAtEndOfFile" />

   <!-- Checks that property files contain the same keys -->
   <module name="Translation" />

   <!-- Checks for Size Violations -->
   <module name="FileLength" />

   <!-- Checks for whitespace -->
   <module name="FileTabCharacter">
      <property name="eachLine" value="true" />
   </module>

   <!-- Checks line lenght -->
   <module name="LineLength">
      <property name="max" value="100" />
      <property name="ignorePattern" value="^package.*|^import.*|a href|href|http://|https://|ftp://" />
   </module>

   <module name="TreeWalker">

      <!-- Checks for Javadoc comments -->
      <module name="JavadocMethod" />
      <module name="JavadocType" />
      <module name="JavadocVariable" />
      <module name="JavadocStyle" />
      <module name="AtclauseOrder">
         <property name="tagOrder" value="@param, @return, @throws, @deprecated" />
         <property name="target" value="CLASS_DEF, INTERFACE_DEF, ENUM_DEF, METHOD_DEF, CTOR_DEF, VARIABLE_DEF" />
      </module>
      <module name="NonEmptyAtclauseDescription" />
      <module name="SummaryJavadocCheck" />
      <!-- Not yet supported -->
      <!--<module name="JavadocParagraph"> <property name="allowNewlineParagraph" value="true" /> </module> -->
      <module name="CommentsIndentation" />

      <!-- Checks for texts -->
      <module name="IllegalTokenText">
         <property name="tokens" value="STRING_LITERAL, CHAR_LITERAL" />
         <property name="format" value="\\u00(08|09|0(a|A)|0(c|C)|0(d|D)|22|27|5(C|c))|\\(0(10|11|12|14|15|42|47)|134)" />
         <property name="message" value="Avoid using corresponding octal or Unicode escape." />
      </module>
      <module name="AvoidEscapedUnicodeCharacters">
         <property name="allowEscapesForControlCharacters" value="true" />
         <property name="allowByTailComment" value="true" />
         <property name="allowNonPrintableEscapes" value="true" />
      </module>

      <!-- Checks for Naming Conventions -->
      <module name="ConstantName" />
      <module name="LocalFinalVariableName" />
      <module name="LocalVariableName" />
      <module name="MemberName" />
      <module name="MethodName" />
      <module name="PackageName" />
      <module name="ParameterName" />
      <!-- Not yet supported -->
      <!-- <module name="LambdaParameterName" /> -->
      <module name="CatchParameterName" />
      <module name="StaticVariableName" />
      <module name="ClassTypeParameterName" />
      <module name="MethodTypeParameterName" />
      <module name="InterfaceTypeParameterName" />
      <module name="TypeName" />
      <module name="OuterTypeFilename" />
      <module name="AbbreviationAsWordInName">
         <property name="ignoreFinal" value="false" />
      </module>

      <!-- Checks for imports -->
      <module name="AvoidStarImport" />
      <module name="IllegalImport" /> <!-- defaults to sun.* packages -->
      <module name="RedundantImport" />
      <module name="UnusedImports" />

      <!-- Checks for Size Violations -->
      <module name="MethodLength" />
      <module name="ParameterNumber" />

      <!-- Checks for whitespace -->
      <module name="EmptyForIteratorPad" />
      <module name="GenericWhitespace" />
      <module name="MethodParamPad" />
      <module name="NoWhitespaceAfter" />
      <module name="NoWhitespaceBefore" />
      <module name="OperatorWrap" />
      <module name="ParenPad" />
      <module name="TypecastParenPad" />
      <module name="WhitespaceAfter" />
      <module name="WhitespaceAround" />
      <module name="Indentation" />

      <!-- Modifier Checks -->
      <module name="ModifierOrder" />
      <module name="RedundantModifier">
         <property name="tokens" value="VARIABLE_DEF, ANNOTATION_FIELD_DEF, INTERFACE_DEF" />
      </module>

      <!-- Checks for {} blocks -->
      <module name="AvoidNestedBlocks" />
      <module name="EmptyBlock" />
      <module name="LeftCurly" />
      <module name="NeedBraces" />
      <module name="RightCurly" />

      <!-- Checks for common coding problems -->
      <module name="AvoidInlineConditionals" />
      <module name="EmptyStatement" />
      <module name="EqualsHashCode" />
      <module name="HiddenField" />
      <module name="IllegalInstantiation" />
      <module name="InnerAssignment" />
      <module name="MagicNumber" />
      <module name="MissingSwitchDefault" />
      <module name="SimplifyBooleanExpression" />
      <module name="SimplifyBooleanReturn" />

      <!-- Checks for class design -->
      <module name="DesignForExtension" />
      <module name="FinalClass" />
      <module name="HideUtilityClassConstructor" />
      <module name="InterfaceIsType" />
      <module name="VisibilityModifier" />
      <module name="OneTopLevelClass" />
      <module name="NoFinalizer" />

      <!-- Checks for statements -->
      <module name="OneStatementPerLine" />
      <module name="MultipleVariableDeclarations" />

      <!-- Miscellaneous other checks -->
      <module name="ArrayTypeStyle" />
      <module name="FinalParameters" />
      <module name="TodoComment" />
      <module name="UpperEll" />
      <module name="NoLineWrap" />
      <module name="EmptyLineSeparator">
         <property name="allowNoEmptyLineBetweenFields" value="true" />
      </module>
      <module name="SeparatorWrap">
         <property name="tokens" value="DOT" />
         <property name="option" value="nl" />
      </module>
      <module name="AnnotationLocation" />

   </module>

</module>
