<?xml version="1.0" encoding="UTF-8" ?>
<!DOCTYPE xml>
<Configuration status="WARN">

   <Properties>
      <Property name="filename">app.log</Property>
   </Properties>

   <Appenders>
      <Console name="console" target="SYSTEM_OUT">
         <PatternLayout pattern="%-5p | %d{ISO8601} | %c{1.} %M %L | %m%n" />
      </Console>

      <File name="file" fileName="${filename}">
         <PatternLayout pattern="%-5p | %d{ISO8601} | %c{1.} %M %L | %m%n" />
      </File>
   </Appenders>

   <Loggers>

      <!-- Application log -->
      <Logger name="webapp1" level="debug" additivity="false">
         <AppenderRef ref="file" />
         <AppenderRef ref="console" />
      </Logger>

      <Root level="error">
         <AppenderRef ref="file" />
         <AppenderRef ref="console" />
      </Root>
   </Loggers>

</Configuration>